Albury,Inner Regional Australia
Armidale,Outer Regional Australia
Ballina,Inner Regional Australia
Balranald,Remote Australia
Bathurst,Inner Regional Australia
Bayside (NSW),Major Cities of Australia
Bega Valley,Outer Regional Australia
Bellingen,Outer Regional Australia
Berrigan,Outer Regional Australia
Blacktown,Major Cities of Australia
Bland,Outer Regional Australia
Blayney,Inner Regional Australia
Blue Mountains,Inner Regional Australia
Bogan,Remote Australia
Bourke,Very Remote Australia
Brewarrina,Very Remote Australia
Broken Hill,Outer Regional Australia
Burwood,Major Cities of Australia
Byron,Inner Regional Australia
Cabonne,Outer Regional Australia
Camden,Major Cities of Australia
Campbelltown (NSW),Inner Regional Australia
Canterbury-Bankstown,Major Cities of Australia
Carrathool,Remote Australia
Central Coast (NSW),Inner Regional Australia
Central Darling,Very Remote Australia
Cessnock,Inner Regional Australia
Clarence Valley,Outer Regional Australia
Cobar,Very Remote Australia
Coffs Harbour,Inner Regional Australia
Coolamon,Outer Regional Australia
Coonamble,Remote Australia
Cootamundra-Gundagai,Outer Regional Australia
Cowra,Inner Regional Australia
Cumberland,Major Cities of Australia
Dubbo,Outer Regional Australia
Dungog,Inner Regional Australia
Edward River,Outer Regional Australia
Eurobodalla,Outer Regional Australia
Fairfield,Major Cities of Australia
Federation,Outer Regional Australia
Forbes,Outer Regional Australia
Georges River,Major Cities of Australia
Gilgandra,Outer Regional Australia
Glen Innes Severn,Outer Regional Australia
Goulburn Mulwaree,Inner Regional Australia
Greater Hume,Inner Regional Australia
Griffith,Outer Regional Australia
Gunnedah,Outer Regional Australia
Gwydir,Outer Regional Australia
Hawkesbury,Outer Regional Australia
Hay,Remote Australia
Hilltops,Outer Regional Australia
Hornsby,Inner Regional Australia
Hunters Hill,Major Cities of Australia
Inner West,Major Cities of Australia
Inverell,Outer Regional Australia
Junee,Inner Regional Australia
Kempsey,Outer Regional Australia
Kiama,Inner Regional Australia
Ku-ring-gai,Major Cities of Australia
Kyogle,Inner Regional Australia
Lachlan,Remote Australia
Lake Macquarie,Major Cities of Australia
Lane Cove,Major Cities of Australia
Leeton,Outer Regional Australia
Lismore,Inner Regional Australia
Lithgow,Outer Regional Australia
Liverpool,Major Cities of Australia
Liverpool Plains,Outer Regional Australia
Lockhart,Outer Regional Australia
Maitland,Major Cities of Australia
Mid-Coast,Inner Regional Australia
Mid-Western,Outer Regional Australia
Moree Plains,Remote Australia
Mosman,Major Cities of Australia
Murray River,Outer Regional Australia
Murrumbidgee,Outer Regional Australia
Muswellbrook,Outer Regional Australia
Nambucca Valley,Inner Regional Australia
Narrabri,Outer Regional Australia
Narrandera,Outer Regional Australia
Narromine,Outer Regional Australia
Newcastle,Major Cities of Australia
North Sydney,Major Cities of Australia
Northern Beaches,Major Cities of Australia
Oberon,Outer Regional Australia
Orange,Inner Regional Australia
Parkes,Outer Regional Australia
Parramatta,Major Cities of Australia
Penrith,Major Cities of Australia
Port Macquarie-Hastings,Outer Regional Australia
Port Stephens,Inner Regional Australia
Queanbeyan-Palerang,Outer Regional Australia
Randwick,Major Cities of Australia
Richmond Valley,Inner Regional Australia
Ryde,Major Cities of Australia
Shellharbour,Major Cities of Australia
Shoalhaven,Inner Regional Australia
Singleton,Inner Regional Australia
Snowy Monaro,Outer Regional Australia
Snowy Valleys,Outer Regional Australia
Strathfield,Major Cities of Australia
Sutherland,Inner Regional Australia
Sydney,Major Cities of Australia
Tamworth,Outer Regional Australia
Temora,Outer Regional Australia
Tenterfield,Outer Regional Australia
The Hills,Inner Regional Australia
Tweed,Inner Regional Australia
Upper Hunter,Outer Regional Australia
Upper Lachlan,Inner Regional Australia
Uralla,Outer Regional Australia
Wagga Wagga,Inner Regional Australia
Walcha,Outer Regional Australia
Walgett,Remote Australia
Warren,Remote Australia
Warrumbungle,Outer Regional Australia
Waverley,Major Cities of Australia
Weddin,Outer Regional Australia
Wentworth,Remote Australia
Willoughby,Major Cities of Australia
Wingecarribee,Inner Regional Australia
Wollondilly,Inner Regional Australia
Wollongong,Inner Regional Australia
Yass Valley,Outside Australia
Unincorporated NSW,Remote Australia
Alpine,Outer Regional Australia
Ararat,Inner Regional Australia
Ballarat,Inner Regional Australia
Banyule,Major Cities of Australia
Bass Coast,Inner Regional Australia
Baw Baw,Inner Regional Australia
Bayside (Vic.),Major Cities of Australia
Benalla,Inner Regional Australia
Boroondara,Major Cities of Australia
Brimbank,Major Cities of Australia
Buloke,Outer Regional Australia
Campaspe,Inner Regional Australia
Cardinia,Inner Regional Australia
Casey,Major Cities of Australia
Central Goldfields,Inner Regional Australia
Colac Otway,Inner Regional Australia
Corangamite,Inner Regional Australia
Darebin,Major Cities of Australia
East Gippsland,Outer Regional Australia
Frankston,Major Cities of Australia
Gannawarra,Outer Regional Australia
Glen Eira,Major Cities of Australia
Glenelg,Outer Regional Australia
Golden Plains,Inner Regional Australia
Greater Bendigo,Inner Regional Australia
Greater Dandenong,Major Cities of Australia
Greater Geelong,Major Cities of Australia
Greater Shepparton,Inner Regional Australia
Hepburn,Inner Regional Australia
Hindmarsh,Outer Regional Australia
Hobsons Bay,Major Cities of Australia
Horsham,Outer Regional Australia
Hume,Major Cities of Australia
Indigo,Inner Regional Australia
Kingston (Vic.),Major Cities of Australia
Knox,Major Cities of Australia
Latrobe (Vic.),Inner Regional Australia
Loddon,Outer Regional Australia
Macedon Ranges,Inner Regional Australia
Manningham,Major Cities of Australia
Mansfield,Outer Regional Australia
Maribyrnong,Major Cities of Australia
Maroondah,Major Cities of Australia
Melbourne,Major Cities of Australia
Melton,Major Cities of Australia
Merri-bek,Major Cities of Australia
Mildura,Outer Regional Australia
Mitchell,Inner Regional Australia
Moira,Inner Regional Australia
Monash,Major Cities of Australia
Moonee Valley,Major Cities of Australia
Moorabool,Inner Regional Australia
Mornington Peninsula,Inner Regional Australia
Mount Alexander,Inner Regional Australia
Moyne,Inner Regional Australia
Murrindindi,Inner Regional Australia
Nillumbik,Inner Regional Australia
Northern Grampians,Outer Regional Australia
Port Phillip,Major Cities of Australia
Pyrenees,Inner Regional Australia
South Gippsland,Outside Australia
Southern Grampians,Outer Regional Australia
Stonnington,Major Cities of Australia
Strathbogie,Inner Regional Australia
Surf Coast,Inner Regional Australia
Swan Hill,Outer Regional Australia
Towong,Outer Regional Australia
Wangaratta,Inner Regional Australia
Warrnambool,Inner Regional Australia
Wellington,Inner Regional Australia
West Wimmera,Outer Regional Australia
Whitehorse,Major Cities of Australia
Whittlesea,Major Cities of Australia
Wodonga,Inner Regional Australia
Wyndham,Major Cities of Australia
Yarra,Major Cities of Australia
Yarra Ranges,Inner Regional Australia
Yarriambiack,Remote Australia
Unincorporated Vic,Inner Regional Australia
Aurukun,Very Remote Australia
Balonne,Very Remote Australia
Banana,Remote Australia
Barcaldine,Very Remote Australia
Barcoo,Very Remote Australia
Blackall Tambo,Very Remote Australia
Boulia,Very Remote Australia
Brisbane,Major Cities of Australia
Bulloo,Very Remote Australia
Bundaberg,Inner Regional Australia
Burdekin,Outer Regional Australia
Burke,Very Remote Australia
Cairns,Outer Regional Australia
Carpentaria,Very Remote Australia
Cassowary Coast,Outer Regional Australia
Central Highlands (Qld),Remote Australia
Charters Towers,Remote Australia
Cherbourg,Inner Regional Australia
Cloncurry,Very Remote Australia
Cook,Very Remote Australia
Croydon,Very Remote Australia
Diamantina,Very Remote Australia
Doomadgee,Very Remote Australia
Douglas,Remote Australia
Etheridge,Very Remote Australia
Flinders (Qld),Very Remote Australia
Fraser Coast,Inner Regional Australia
Gladstone,Inner Regional Australia
Gold Coast,Major Cities of Australia
Goondiwindi,Outer Regional Australia
Gympie,Inner Regional Australia
Hinchinbrook,Remote Australia
Hope Vale,Remote Australia
Ipswich,Inner Regional Australia
Isaac,Remote Australia
Kowanyama,Very Remote Australia
Livingstone,Remote Australia
Lockhart River,Very Remote Australia
Lockyer Valley,Inner Regional Australia
Logan,Major Cities of Australia
Longreach,Very Remote Australia
Mackay,Outer Regional Australia
McKinlay,Very Remote Australia
Mapoon,Very Remote Australia
Maranoa,Remote Australia
Mareeba,Very Remote Australia
Moreton Bay,Major Cities of Australia
Mornington,Very Remote Australia
Mount Isa,Very Remote Australia
Murweh,Very Remote Australia
Napranum,Very Remote Australia
Noosa,Inner Regional Australia
North Burnett,Outer Regional Australia
Northern Peninsula Area,Very Remote Australia
Palm Island,Remote Australia
Paroo,Very Remote Australia
Pormpuraaw,Very Remote Australia
Quilpie,Very Remote Australia
Richmond,Outside Australia
Rockhampton,Inner Regional Australia
Scenic Rim,Inner Regional Australia
Somerset,Inner Regional Australia
South Burnett,Outer Regional Australia
Southern Downs,Inner Regional Australia
Sunshine Coast,Inner Regional Australia
Tablelands,Remote Australia
Toowoomba,Inner Regional Australia
Townsville,Outer Regional Australia
Weipa,Very Remote Australia
Western Downs,Outer Regional Australia
Whitsunday,Remote Australia
Winton,Very Remote Australia
Woorabinda,Outer Regional Australia
Wujal Wujal,Remote Australia
Yarrabah,Outer Regional Australia
Adelaide,Major Cities of Australia
Adelaide Hills,Inner Regional Australia
Adelaide Plains,Inner Regional Australia
Alexandrina,Inner Regional Australia
Anangu Pitjantjatjara Yankunytjatjara,Very Remote Australia
Barossa,Inner Regional Australia
Barunga West,Outer Regional Australia
Berri Barmera,Outer Regional Australia
Burnside,Major Cities of Australia
Campbelltown (SA),Major Cities of Australia
Ceduna,Very Remote Australia
Charles Sturt,Major Cities of Australia
Clare and Gilbert Valleys,Inner Regional Australia
Cleve,Remote Australia
Coober Pedy,Very Remote Australia
Copper Coast,Outer Regional Australia
Elliston,Very Remote Australia
Flinders Ranges,Outer Regional Australia
Franklin Harbour,Outer Regional Australia
Gawler,Major Cities of Australia
Goyder,Outer Regional Australia
Grant,Outer Regional Australia
Holdfast Bay,Major Cities of Australia
Kangaroo Island,Remote Australia
Karoonda East Murray,Outer Regional Australia
Kimba,Remote Australia
Kingston (SA),Remote Australia
Light,Inner Regional Australia
Lower Eyre Peninsula,Remote Australia
Loxton Waikerie,Outer Regional Australia
Maralinga Tjarutja,Very Remote Australia
Marion,Major Cities of Australia
Mid Murray,Outer Regional Australia
Mitcham,Major Cities of Australia
Mount Barker,Major Cities of Australia
Mount Gambier,Outer Regional Australia
Mount Remarkable,Outer Regional Australia
Murray Bridge,Inner Regional Australia
Naracoorte Lucindale,Outer Regional Australia
Northern Areas,Outer Regional Australia
Norwood Payneham and St Peters,Major Cities of Australia
Onkaparinga,Inner Regional Australia
Orroroo Carrieton,Outer Regional Australia
Peterborough,Outer Regional Australia
Playford,Major Cities of Australia
Port Adelaide Enfield,Major Cities of Australia
Port Augusta,Outer Regional Australia
Port Lincoln,Remote Australia
Port Pirie,Outer Regional Australia
Prospect,Major Cities of Australia
Renmark Paringa,Outer Regional Australia
Robe,Outer Regional Australia
Roxby Downs,Remote Australia
Salisbury,Major Cities of Australia
Southern Mallee,Remote Australia
Streaky Bay,Very Remote Australia
Tatiara,Remote Australia
Tea Tree Gully,Major Cities of Australia
Coorong,Outer Regional Australia
Tumby Bay,Remote Australia
Unley,Major Cities of Australia
Victor Harbor,Inner Regional Australia
Wakefield,Outer Regional Australia
Walkerville,Major Cities of Australia
Wattle Range,Outer Regional Australia
West Torrens,Major Cities of Australia
Whyalla,Outer Regional Australia
Wudinna,Very Remote Australia
Yankalilla,Inner Regional Australia
Yorke Peninsula,Outer Regional Australia
Unincorporated SA,Very Remote Australia
Albany,Outer Regional Australia
Armadale,Inner Regional Australia
Ashburton,Very Remote Australia
Augusta Margaret River,Inner Regional Australia
Bassendean,Major Cities of Australia
Bayswater,Major Cities of Australia
Belmont,Major Cities of Australia
Beverley,Outer Regional Australia
Boddington,Inner Regional Australia
Boyup Brook,Outer Regional Australia
Bridgetown-Greenbushes,Outer Regional Australia
Brookton,Outer Regional Australia
Broome,Very Remote Australia
Broomehill-Tambellup,Outer Regional Australia
Bruce Rock,Remote Australia
Bunbury,Inner Regional Australia
Busselton,Inner Regional Australia
Cambridge,Major Cities of Australia
Canning,Major Cities of Australia
Capel,Inner Regional Australia
Carnamah,Remote Australia
Carnarvon,Very Remote Australia
Chapman Valley,Remote Australia
Chittering,Inner Regional Australia
Christmas Island,Very Remote Australia
Claremont,Major Cities of Australia
Cockburn,Major Cities of Australia
Collie,Inner Regional Australia
Coolgardie,Very Remote Australia
Coorow,Remote Australia
Corrigin,Remote Australia
Cottesloe,Major Cities of Australia
Cranbrook,Outer Regional Australia
Cuballing,Outer Regional Australia
Cue,Very Remote Australia
Cunderdin,Outer Regional Australia
Dalwallinu,Remote Australia
Dandaragan,Outer Regional Australia
Dardanup,Inner Regional Australia
Denmark,Outer Regional Australia
Derby-West Kimberley,Very Remote Australia
Donnybrook-Balingup,Inner Regional Australia
Dowerin,Outer Regional Australia
Dumbleyung,Remote Australia
Dundas,Very Remote Australia
East Fremantle,Major Cities of Australia
East Pilbara,Very Remote Australia
Esperance,Very Remote Australia
Fremantle,Major Cities of Australia
Gingin,Outer Regional Australia
Gnowangerup,Remote Australia
Goomalling,Outer Regional Australia
Gosnells,Major Cities of Australia
Greater Geraldton,Remote Australia
Halls Creek,Very Remote Australia
Harvey,Inner Regional Australia
Irwin,Outer Regional Australia
Jerramungup,Remote Australia
Joondalup,Major Cities of Australia
Kalamunda,Inner Regional Australia
Kalgoorlie-Boulder,Very Remote Australia
Karratha,Very Remote Australia
Katanning,Outer Regional Australia
Kellerberrin,Outer Regional Australia
Kent,Remote Australia
Kojonup,Outer Regional Australia
Kondinin,Very Remote Australia
Koorda,Remote Australia
Kulin,Remote Australia
Kwinana,Major Cities of Australia
Lake Grace,Very Remote Australia
Laverton,Very Remote Australia
Leonora,Very Remote Australia
Mandurah,Inner Regional Australia
Manjimup,Remote Australia
Meekatharra,Very Remote Australia
Melville,Major Cities of Australia
Menzies,Very Remote Australia
Merredin,Remote Australia
Mingenew,Outer Regional Australia
Moora,Outer Regional Australia
Morawa,Remote Australia
Mosman Park,Major Cities of Australia
Mount Magnet,Very Remote Australia
Mount Marshall,Remote Australia
Mukinbudin,Remote Australia
Mundaring,Inner Regional Australia
Murchison,Very Remote Australia
Murray,Inner Regional Australia
Nannup,Outer Regional Australia
Narembeen,Remote Australia
Narrogin,Outer Regional Australia
Nedlands,Major Cities of Australia
Ngaanyatjarraku,Very Remote Australia
Northam,Inner Regional Australia
Northampton,Remote Australia
Nungarin,Remote Australia
Peppermint Grove,Major Cities of Australia
Perenjori,Remote Australia
Perth,Major Cities of Australia
Pingelly,Outer Regional Australia
Plantagenet,Outer Regional Australia
Port Hedland,Very Remote Australia
Quairading,Outer Regional Australia
Ravensthorpe,Very Remote Australia
Rockingham,Major Cities of Australia
Sandstone,Very Remote Australia
Serpentine-Jarrahdale,Inner Regional Australia
Shark Bay,Very Remote Australia
South Perth,Major Cities of Australia
Stirling,Major Cities of Australia
Subiaco,Major Cities of Australia
Swan,Inner Regional Australia
Tammin,Outer Regional Australia
Three Springs,Remote Australia
Toodyay,Inner Regional Australia
Trayning,Remote Australia
Upper Gascoyne,Very Remote Australia
Victoria Park,Major Cities of Australia
Victoria Plains,Outer Regional Australia
Vincent,Major Cities of Australia
Wagin,Outer Regional Australia
Wandering,Outer Regional Australia
Wanneroo,Major Cities of Australia
Waroona,Inner Regional Australia
West Arthur,Outer Regional Australia
Westonia,Remote Australia
Wickepin,Remote Australia
Williams,Outer Regional Australia
Wiluna,Very Remote Australia
Wongan-Ballidu,Remote Australia
Woodanilling,Outer Regional Australia
Wyalkatchem,Outer Regional Australia
Wyndham-East Kimberley,Very Remote Australia
Yalgoo,Very Remote Australia
Yilgarn,Remote Australia
York,Inner Regional Australia
Break O'Day,Outer Regional Australia
Brighton,Inner Regional Australia
Burnie,Outer Regional Australia
Central Coast (Tas.),Outer Regional Australia
Central Highlands (Tas.),Remote Australia
Circular Head,Outer Regional Australia
Clarence,Inner Regional Australia
Derwent Valley,Remote Australia
Devonport,Outer Regional Australia
Dorset,Outer Regional Australia
Flinders (Tas.),Very Remote Australia
George Town,Outer Regional Australia
Glamorgan-Spring Bay,Outer Regional Australia
Glenorchy,Inner Regional Australia
Hobart,Inner Regional Australia
Huon Valley,Remote Australia
Kentish,Outer Regional Australia
King Island,Very Remote Australia
Latrobe (Tas.),Outer Regional Australia
Launceston,Outer Regional Australia
Meander Valley,Outer Regional Australia
Northern Midlands,Outer Regional Australia
Sorell,Outer Regional Australia
Southern Midlands,Outer Regional Australia
Waratah-Wynyard,Outside Australia
West Coast,Remote Australia
West Tamar,Outer Regional Australia
Alice Springs,Remote Australia
Barkly,Very Remote Australia
Belyuen,Remote Australia
Central Desert,Very Remote Australia
Coomalie,Remote Australia
Darwin,Outer Regional Australia
Darwin Waterfront Precinct,Outer Regional Australia
East Arnhem,Very Remote Australia
Katherine,Remote Australia
Litchfield,Outer Regional Australia
MacDonnell,Very Remote Australia
Palmerston,Outer Regional Australia
Roper Gulf,Very Remote Australia
Tiwi Islands,Very Remote Australia
Victoria Daly,Very Remote Australia
Wagait,Remote Australia
West Arnhem,Very Remote Australia
West Daly,Very Remote Australia
Unincorporated NT,Remote Australia
Unincorporated ACT,Inner Regional Australia
